iter	MultiClass
0	0.4714074867
1	0.3364735491
2	0.2581363618
3	0.2085149615
4	0.1800402397
5	0.1610792329
6	0.1498683496
7	0.1409259459
8	0.1353643843
9	0.1312209899
10	0.1278521954
11	0.1253260619
12	0.1235602911
13	0.1217253795
14	0.1205056272
15	0.1195580044
16	0.1186983718
17	0.1178671819
18	0.1172415924
19	0.1165349533
